{
    "environment": {
        "temperature": 25.0,
        "humidity": 87.0,
        "percen_foods": 0.7,
        "rainfall": 0.25,
        "wind_speed": 100.0,
        "atmos_pressure": 850.0,
        "ph": 8.0,
        "energy": 50000.0
    },
    "generations": 550,
    "fitness": [
        4.645896594173,
        4.645896594173,
        4.645896594173,
        4.645896594173,
        4.645896594173,
        4.645896594173,
        4.645896594173,
        4.645896594173,
        4.645896594173,
        4.645896594173,
        4.8880569771378966,
        4.8880569771378966,
        4.8880569771378966,
        4.8880569771378966,
        4.8880569771378966,
        4.8880569771378966,
        4.8880569771378966,
        4.8880569771378966,
        4.8880569771378966,
        4.8880569771378966,
        4.8880569771378966,
        4.892279516560842,
        4.892279516560842,
        4.892279516560842,
        4.892279516560842,
        4.892279516560842,
        4.892279516560842,
        4.892279516560842,
        4.892279516560842,
        4.892279516560842,
        4.892279516560842,
        4.892279516560842,
        4.892279516560842,
        4.892279516560842,
        4.892279516560842,
        4.892279516560842,
        4.892279516560842,
        4.892279516560842,
        4.892279516560842,
        4.892279516560842,
        4.975471615731804,
        4.975471615731804,
        4.975471615731804,
        4.975471615731804,
        4.975471615731804,
        4.975471615731804,
        4.975471615731804,
        4.975471615731804,
        4.975471615731804,
        4.975471615731804,
        4.975471615731804,
        4.975471615731804,
        4.975471615731804,
        4.975471615731804,
        4.975471615731804,
        4.975471615731804,
        4.975471615731804,
        4.975471615731804,
        4.975471615731804,
        4.975471615731804,
        4.975471615731804,
        4.975471615731804,
        4.975471615731804,
        4.975471615731804,
        4.975471615731804,
        4.975471615731804,
        4.975471615731804,
        4.975471615731804,
        4.975471615731804,
        4.975471615731804,
        4.975471615731804,
        4.975471615731804,
        4.975471615731804,
        4.975471615731804,
        4.975471615731804,
        4.975471615731804,
        4.975471615731804,
        4.975471615731804,
        4.975471615731804,
        4.975471615731804,
        4.975471615731804,
        4.975471615731804,
        4.975471615731804,
        4.975471615731804,
        4.975471615731804,
        4.975471615731804,
        4.975471615731804,
        4.975471615731804,
        4.975471615731804,
        4.975471615731804,
        4.975471615731804,
        4.975471615731804,
        4.975471615731804,
        4.975471615731804,
        4.975471615731804,
        4.975471615731804,
        4.975471615731804,
        4.975471615731804,
        4.977720674691221,
        4.977720674691221,
        4.977720674691221,
        4.977720674691221,
        4.977720674691221,
        4.977720674691221,
        4.977720674691221,
        4.977720674691221,
        4.977720674691221,
        4.977720674691221,
        5.049621852876526,
        5.057163104881605,
        5.057163104881605,
        5.057163104881605,
        5.057163104881605,
        5.057163104881605,
        5.057163104881605,
        5.057163104881605,
        5.057163104881605,
        5.057163104881605,
        5.057163104881605,
        5.057163104881605,
        5.057163104881605,
        5.057163104881605,
        5.057163104881605,
        5.057163104881605,
        5.057163104881605,
        5.057163104881605,
        5.057163104881605,
        5.057163104881605,
        5.057163104881605,
        5.057163104881605,
        5.057163104881605,
        5.057163104881605,
        5.057163104881605,
        5.057163104881605,
        5.057163104881605,
        5.057163104881605,
        5.057163104881605,
        5.057163104881605,
        5.057163104881605,
        5.057163104881605,
        5.084863786112431,
        5.084863786112431,
        5.084863786112431,
        5.084863786112431,
        5.084863786112431,
        5.084863786112431,
        5.084863786112431,
        5.084863786112431,
        5.084863786112431,
        5.084863786112431,
        5.084863786112431,
        5.084863786112431,
        5.084863786112431,
        5.084863786112431,
        5.084863786112431,
        5.084863786112431,
        5.084863786112431,
        5.084863786112431,
        5.084863786112431,
        5.084863786112431,
        5.084863786112431,
        5.084863786112431,
        5.084863786112431,
        5.084863786112431,
        5.084863786112431,
        5.084863786112431,
        5.084863786112431,
        5.084863786112431,
        5.084863786112431,
        5.084863786112431,
        5.084863786112431,
        5.084863786112431,
        5.084863786112431,
        5.084863786112431,
        5.084863786112431,
        5.084863786112431,
        5.084863786112431,
        5.084863786112431,
        5.084863786112431,
        5.084863786112431,
        5.084863786112431,
        5.084863786112431,
        5.084863786112431,
        5.084863786112431,
        5.084863786112431,
        5.084863786112431,
        5.084863786112431,
        5.084863786112431,
        5.084863786112431,
        5.084863786112431,
        5.084863786112431,
        5.084863786112431,
        5.084863786112431,
        5.084863786112431,
        5.084863786112431,
        5.084863786112431,
        5.084863786112431,
        5.084863786112431,
        5.084863786112431,
        5.084863786112431,
        5.084863786112431,
        5.084863786112431,
        5.084863786112431,
        5.084863786112431,
        5.084863786112431,
        5.084863786112431,
        5.084863786112431,
        5.084863786112431,
        5.084863786112431,
        5.084863786112431,
        5.084863786112431,
        5.084863786112431,
        5.084863786112431,
        5.084863786112431,
        5.084863786112431,
        5.084863786112431,
        5.084863786112431,
        5.084863786112431,
        5.084863786112431,
        5.084863786112431,
        5.084863786112431,
        5.084863786112431,
        5.084863786112431,
        5.084863786112431,
        5.084863786112431,
        5.084863786112431,
        5.084863786112431,
        5.084863786112431,
        5.084863786112431,
        5.084863786112431,
        5.084863786112431,
        5.084863786112431,
        5.084863786112431,
        5.084863786112431,
        5.084863786112431,
        5.084863786112431,
        5.084863786112431,
        5.084863786112431,
        5.084863786112431,
        5.084863786112431,
        5.084863786112431,
        5.084863786112431,
        5.084863786112431,
        5.084863786112431,
        5.084863786112431,
        5.084863786112431,
        5.084863786112431,
        5.087508462742365,
        5.087508462742365,
        5.087508462742365,
        5.087508462742365,
        5.087508462742365,
        5.087508462742365,
        5.087508462742365,
        5.087508462742365,
        5.087508462742365,
        5.087508462742365,
        5.087508462742365,
        5.087508462742365,
        5.087948228799601,
        5.087948228799601,
        5.087948228799601,
        5.087948228799601,
        5.087948228799601,
        5.087948228799601,
        5.089020922837166,
        5.089020922837166,
        5.089020922837166,
        5.089020922837166,
        5.087948228799601,
        5.087948228799601,
        5.087948228799601,
        5.087948228799601,
        5.087948228799601,
        5.087948228799601,
        5.087948228799601,
        5.087948228799601,
        5.087948228799601,
        5.087948228799601,
        5.087948228799601,
        5.087948228799601,
        5.087948228799601,
        5.087948228799601,
        5.087948228799601,
        5.087948228799601,
        5.087948228799601,
