{
    "environment": {
        "temperature": 24.0,
        "humidity": 58.0,
        "percen_foods": 0.8,
        "rainfall": 0.25,
        "wind_speed": 200.0,
        "atmos_pressure": 850.0,
        "ph": 8.0,
        "energy": 2000.0
    },
    "generations": 500,
    "fitness": [
        0.17325435459271255,
        0.17325435459271255,
        0.17325435459271255,
        0.17325435459271255,
        0.17325435459271255,
        0.17325435459271255,
        0.17325435459271255,
        -0.10301081460080397,
        -0.10301081460080397,
        -0.10301081460080397,
        -0.10301081460080397,
        -0.10301081460080397,
        -0.10301081460080397,
        -0.10301081460080397,
        0.01546622027194644,
        0.01546622027194644,
        0.01546622027194644,
        0.01546622027194644,
        0.01546622027194644,
        0.01546622027194644,
        0.01546622027194644,
        0.21474951155880184,
        0.21474951155880184,
        0.21474951155880184,
        0.21474951155880184,
        0.21474951155880184,
        0.21474951155880184,
        0.21474951155880184,
        0.21474951155880184,
        0.21474951155880184,
        0.21474951155880184,
        0.21474951155880184,
        0.21474951155880184,
        0.21474951155880184,
        0.21474951155880184,
        0.21474951155880184,
        0.21474951155880184,
        0.21474951155880184,
        0.21474951155880184,
        0.21474951155880184,
        0.21474951155880184,
        0.21474951155880184,
        0.21474951155880184,
        0.21474951155880184,
        0.21474951155880184,
        0.21474951155880184,
        0.21474951155880184,
        0.21474951155880184,
        0.21474951155880184,
        0.21474951155880184,
        0.21474951155880184,
        0.21474951155880184,
        0.21395345583458703,
        0.21395345583458703,
        0.21395345583458703,
        0.21395345583458703,
        0.21395345583458703,
        0.21395345583458703,
        0.21395345583458703,
        0.21395345583458703,
        0.21395345583458703,
        0.21395345583458703,
        0.21395345583458703,
        0.21395345583458703,
        0.21395345583458703,
        0.21395345583458703,
        0.21395345583458703,
        0.21395345583458703,
        0.21395345583458703,
        0.21395345583458703,
        0.21945864601589804,
        0.21945864601589804,
        0.21945864601589804,
        0.21945864601589804,
        0.21945864601589804,
        0.3108277815407332,
        0.3108277815407332,
        0.3108277815407332,
        0.3108277815407332,
        0.3108277815407332,
        0.3108277815407332,
        0.3108277815407332,
        0.21945864601589804,
        0.21945864601589804,
        0.21945864601589804,
        0.21945864601589804,
        0.21945864601589804,
        0.21945864601589804,
        0.3142520858592519,
        0.3142520858592519,
        0.3142520858592519,
        0.3142520858592519,
        0.3142520858592519,
        0.3142520858592519,
        0.3142520858592519,
        0.3142520858592519,
        0.3142520858592519,
        0.3142520858592519,
        0.3142520858592519,
        0.31582361883643983,
        0.31582361883643983,
        0.31582361883643983,
        0.31582361883643983,
        0.31582361883643983,
        0.31582361883643983,
        0.31582361883643983,
        0.31582361883643983,
        0.31582361883643983,
        0.31582361883643983,
        0.31582361883643983,
        0.31582361883643983,
        0.31582361883643983,
        0.31582361883643983,
        0.31582361883643983,
        0.31582361883643983,
        0.31582361883643983,
        0.31582361883643983,
        0.31582361883643983,
        0.31582361883643983,
        0.31582361883643983,
        0.31582361883643983,
        0.31582361883643983,
        0.31582361883643983,
        0.31582361883643983,
        0.31582361883643983,
        0.31582361883643983,
        0.31582361883643983,
        0.31582361883643983,
        0.31582361883643983,
        0.31582361883643983,
        0.31582361883643983,
        0.31582361883643983,
        0.31582361883643983,
        0.31582361883643983,
        0.32150440142677894,
        0.32150440142677894,
        0.32150440142677894,
        0.33195907154964743,
        0.33195907154964743,
        0.3637303252494606,
        0.3637303252494606,
        0.3637303252494606,
        0.3637303252494606,
        0.3637303252494606,
        0.3637303252494606,
        0.3637303252494606,
        0.3637303252494606,
        0.3637303252494606,
        0.3637303252494606,
        0.3637303252494606,
        0.3637303252494606,
        0.3637303252494606,
        0.3637303252494606,
        0.3637303252494606,
        0.3709826408169885,
        0.3709826408169885,
        0.3709826408169885,
        0.3709826408169885,
        0.37417265542676503,
        0.37417265542676503,
        0.37417265542676503,
        0.37417265542676503,
        0.37417265542676503,
        0.37417265542676503,
        0.37417265542676503,
        0.37417265542676503,
        0.37417265542676503,
        0.37417265542676503,
        0.37417265542676503,
        0.37417265542676503,
        0.4220793618397858,
        0.4220793618397858,
        0.4220793618397858,
        0.4220793618397858,
        0.4220793618397858,
        0.4220793618397858,
        0.4220793618397858,
        0.4220793618397858,
        0.4220793618397858,
        0.4220793618397858,
        0.4220793618397858,
        0.4220793618397858,
        0.4220793618397858,
        0.4220793618397858,
        0.4220793618397858,
        0.4220793618397858,
        0.4220793618397858,
        0.4220793618397858,
        0.4220793618397858,
        0.4220793618397858,
        0.4220793618397858,
        0.4220793618397858,
        0.4220793618397858,
        0.42955929609457666,
        0.42955929609457666,
        0.42955929609457666,
        0.42955929609457666,
        0.42955929609457666,
        0.42955929609457666,
        0.42955929609457666,
        0.42955929609457666,
        0.42955929609457666,
        0.42955929609457666,
        0.42955929609457666,
        0.42955929609457666,
        0.42955929609457666,
        0.42955929609457666,
        0.42955929609457666,
        0.42955929609457666,
        0.42955929609457666,
        0.42955929609457666,
        0.42955929609457666,
        0.42955929609457666,
        0.42955929609457666,
        0.42955929609457666,
        0.42955929609457666,
        0.42955929609457666,
        0.42955929609457666,
        0.42955929609457666,
        0.42955929609457666,
        0.42955929609457666,
        0.42955929609457666,
        0.4453270114141876,
        0.4453270114141876,
        0.4453270114141876,
        0.4453270114141876,
        0.4453270114141876,
        0.4453270114141876,
        0.4453270114141876,
        0.4453270114141876,
        0.4453270114141876,
        0.4453270114141876,
        0.4453270114141876,
        0.4453270114141876,
        0.4453270114141876,
        0.4453270114141876,
        0.4453270114141876,
        0.4453270114141876,
        0.4453270114141876,
        0.4453270114141876,
        0.4453270114141876,
        0.4453270114141876,
        0.4453270114141876,
        0.4453270114141876,
        0.4453270114141876,
        0.4453270114141876,
        0.4453270114141876,
        0.4296854572321802,
        0.4296854572321802,
        0.4296854572321802,
        0.4296854572321802,
        0.4296854572321802,
        0.4296854572321802,
        0.4296854572321802,
        0.4296854572321802,
        0.4296854572321802,
        0.4296854572321802,
        0.4296854572321802,
        0.4296854572321802,
        0.4296854572321802,
        0.4296854572321802,
        0.4296854572321802,
        0.4296854572321802,
        0.4296854572321802,
        0.4296854572321802,
        0.4296854572321802,
        0.4296854572321802,
        0.4296854572321802,
        0.4296854572321802,
