{
    "environment": {
        "temperature": 24.0,
        "humidity": 51.0,
        "percen_foods": 0.7,
        "rainfall": 0.25,
        "wind_speed": 100.0,
        "atmospheric_pressure": 850.0,
        "ph": 8.0,
        "energy": 1000.0
    },
    "generations": 500,
    "fitness": [
        3.5748201428726256,
        3.5748201428726256,
        3.5748201428726256,
        3.5748201428726256,
        3.5748201428726256,
        3.5748201428726256,
        3.5748201428726256,
        3.5748201428726256,
        3.5748201428726256,
        3.5748201428726256,
        3.5748201428726256,
        3.5748201428726256,
        3.5748201428726256,
        3.5748201428726256,
        3.5793526345554705,
        3.5793526345554705,
        3.5793526345554705,
        3.5793526345554705,
        3.5793526345554705,
        3.5793526345554705,
        3.5793526345554705,
        3.5793526345554705,
        3.5793526345554705,
        3.5793526345554705,
        3.5793526345554705,
        3.5793526345554705,
        3.5793526345554705,
        3.5793526345554705,
        3.5793526345554705,
        3.5793526345554705,
        3.5793526345554705,
        3.5793526345554705,
        3.5793526345554705,
        3.5793526345554705,
        3.5793526345554705,
        3.5793526345554705,
        3.5793526345554705,
        3.5793526345554705,
        3.5793526345554705,
        3.5793526345554705,
        3.5793526345554705,
        3.5793526345554705,
        3.5793526345554705,
        3.5793526345554705,
        3.5793526345554705,
        3.5793526345554705,
        3.5793526345554705,
        3.5793526345554705,
        3.5793526345554705,
        3.5793526345554705,
        3.5793526345554705,
        3.436125797097244,
        3.436125797097244,
        3.8036366288376984,
        3.8036366288376984,
        3.8036366288376984,
        3.8036366288376984,
        3.8036366288376984,
        3.8036366288376984,
        3.8036366288376984,
        3.8036366288376984,
        3.8036366288376984,
        3.8036366288376984,
        3.8036366288376984,
        3.8036366288376984,
        3.8036366288376984,
        3.8036366288376984,
        3.8036366288376984,
        3.8036366288376984,
        3.8036366288376984,
        3.8036366288376984,
        3.8036366288376984,
        3.8036366288376984,
        3.8036366288376984,
        3.8036366288376984,
        3.8036366288376984,
        3.8036366288376984,
        3.8036366288376984,
        3.8036366288376984,
        3.8036366288376984,
        3.8036366288376984,
        3.8036366288376984,
        3.8036366288376984,
        3.8036366288376984,
        3.8036366288376984,
        3.4956858858484647,
        3.4956858858484647,
        3.4956858858484647,
        3.4956858858484647,
        3.4956858858484647,
        3.4956858858484647,
        3.4956858858484647,
        3.4956858858484647,
        3.4956858858484647,
        3.4956858858484647,
        3.4956858858484647,
        3.4956858858484647,
        3.4956858858484647,
        3.5176472150133407,
        3.5176472150133407,
        3.5176472150133407,
        3.5176472150133407,
        3.5176472150133407,
        3.5176472150133407,
        3.5176472150133407,
        3.5176472150133407,
        3.537859190093757,
        3.537859190093757,
        3.6068734233542292,
        3.6068734233542292,
        3.6068778462173112,
        3.6068778462173112,
        3.6068778462173112,
        3.6068778462173112,
        3.6068778462173112,
        3.6068778462173112,
        3.6068778462173112,
        3.6068778462173112,
        3.6068778462173112,
        3.6068778462173112,
        3.6068778462173112,
        3.6068778462173112,
        3.6068778462173112,
        3.674453728693006,
        3.674453728693006,
        3.674453728693006,
        3.674453728693006,
        3.674453728693006,
        3.674453728693006,
        3.674453728693006,
        3.674453728693006,
        3.674453728693006,
        3.79159408441111,
        3.79159408441111,
        3.79159408441111,
        3.79159408441111,
        3.79159408441111,
        3.79159408441111,
        3.79159408441111,
        3.79159408441111,
        3.79159408441111,
        3.79159408441111,
        3.79159408441111,
        3.79159408441111,
        3.79159408441111,
        3.79159408441111,
        3.79159408441111,
        3.79159408441111,
        3.79159408441111,
        3.79159408441111,
        3.79159408441111,
        3.79159408441111,
        3.79159408441111,
        3.79159408441111,
        3.79159408441111,
        3.79159408441111,
        3.79159408441111,
        3.79159408441111,
        3.8077340885260513,
        3.8077340885260513,
        3.8077340885260513,
        3.8077340885260513,
        3.8077340885260513,
        3.8077340885260513,
        3.8077340885260513,
        3.8077340885260513,
        3.8077340885260513,
        3.8221828639455078,
        3.8221828639455078,
        3.8221828639455078,
        3.8221828639455078,
        3.850977478999509,
        3.850977478999509,
        3.850977478999509,
        3.850977478999509,
        3.850977478999509,
        3.850977478999509,
        3.9140087069480867,
        3.9140087069480867,
        3.9140087069480867,
        3.9140087069480867,
        3.9140087069480867,
        3.9140087069480867,
        3.9140087069480867,
        3.840896186614403,
        3.840896186614403,
        3.840896186614403,
        3.840896186614403,
        3.840896186614403,
        3.840896186614403,
        3.840896186614403,
        3.840896186614403,
        3.840896186614403,
        3.840896186614403,
        3.840896186614403,
        3.8416053687345366,
        3.8416053687345366,
        3.8416053687345366,
        3.8416053687345366,
        3.8416053687345366,
        3.8416053687345366,
        3.8416053687345366,
        3.8416053687345366,
        3.8416053687345366,
        3.8416053687345366,
        3.8416053687345366,
        3.8416053687345366,
        3.8978687028331453,
        3.8978687028331453,
        3.8978687028331453,
        3.8978687028331453,
        3.8978687028331453,
        3.8978687028331453,
        3.8978687028331453,
        3.8978687028331453,
        3.8978687028331453,
        3.8978687028331453,
        3.8978687028331453,
        3.8978687028331453,
        3.8978687028331453,
        3.8978687028331453,
        3.8978687028331453,
        3.8978687028331453,
        3.9140087069480867,
        3.9140087069480867,
        3.9140087069480867,
        3.9140087069480867,
        3.9140087069480867,
        3.917291207622175,
        3.917291207622175,
        3.917291207622175,
        3.917291207622175,
        3.917291207622175,
        3.917291207622175,
        3.917291207622175,
        3.917291207622175,
        3.917291207622175,
        3.917291207622175,
        3.917291207622175,
        3.917291207622175,
        3.917291207622175,
        3.917291207622175,
        3.917291207622175,
        3.917291207622175,
        3.917291207622175,
        3.917291207622175,
        3.917291207622175,
        3.917291207622175,
        3.917291207622175,
        3.917291207622175,
        3.917291207622175,
        3.917291207622175,
        3.917291207622175,
        3.917291207622175,
        3.917291207622175,
        3.917291207622175,
        3.917291207622175,
        3.917291207622175,
        3.917291207622175,
        3.917291207622175,
        3.920492617194782,
        3.920492617194782,
        3.917291207622175,
        3.917291207622175,
        3.917291207622175,
        3.917291207622175,
        3.917291207622175,
        3.917291207622175,
        3.917291207622175,
        3.917291207622175,
        3.917291207622175,
        3.917291207622175,
        3.917291207622175,
        3.917291207622175,
        3.917291207622175,
        3.917291207622175,
        3.917291207622175,
        3.917291207622175,
        3.917291207622175,
        3.917291207622175,
